Name,Comment,Time,Likes,Reply Count
Name,Comment,Time,Likes,Reply Count
@eddyedwin9546,"Kita orang kecil target kabinet menurut kami tidak muluk.muluk ya harga daging dari 120 ribu jadi 60 ribu, ayam dari 35 ribu jadi 20 ribu, telor dari 26 ribu jadi 15 ribu, minyak goreng dari 20 ribu jadi 12 ribu dan beras dari 14 ribu jadi 10 ribu",2024-11-09T13:16:01Z,0,0
@dapotmarbun1991,Bagaimana kita berharap pada kabinet ini ?,2024-11-08T03:35:04Z,0,0
@Cahaya1818-tv1sn,ğŸ‰ğŸ‰ğŸ‰ğŸ‰ğŸ‰,2024-11-08T02:24:20Z,0,0
@Atmojo1963,"tidak mudah negeri ini melupakan oligarki. dan tidak semudah apa yg ingin sebagian rakyat mengharapkannya, sungguh sulit negeri ini utk membuat lebih berwibawa.",2024-11-07T23:56:50Z,0,0
@video_receh,Untuk apa lu tanya? Nguras duit negara lah apa lagi selain itu?,2024-11-07T05:02:37Z,0,0
@UripNugroho-wo2eo,Pesimis dengan pemerintahan kakek prabowo kedepan ekonomi akan hancur ditelan koruptor2 kebinet ğŸ˜¢,2024-11-05T05:36:47Z,1,0
@Mari_Selalu_Berbuat_Kebaikan,"ğŸŒˆğŸŒˆğŸŒˆğŸŒˆğŸŒˆğŸŒˆğŸŒˆğŸŒˆğŸŒˆ
Mari selalu berbuat banyak kebaikan dan menyebarkannya, saat masih ada kesempatan â¤ï¸

Nam myoho renge kyo",2024-11-05T00:59:55Z,0,0
@dapurkripikjadungxanidafat3506,"Whehe seperti yang lalu lalu, kita harus siap kecewa ğŸ˜…",2024-11-04T10:58:01Z,0,0
@AndreKurnia-vb2tl,"Selain ada acara apel kemiliteran di Magelang, sekedar saran, diadakan juga acara joget gratis di jajaran kabinet nya. Meskipun bermasalah, setidaknya bisa terhibur dan menyehatkan perut buncit ğŸ˜€",2024-11-04T10:42:25Z,0,0
@LatifahSaubari,Miris sekali negeri ini .... karena yg ada dalam kabinet prabowo adalah orang2 yg tersandera politik jokowi,2024-11-04T00:34:50Z,0,0
@sebranglaut89,tempo ikut berjuang demi demokrasi dan penegak konstitusi  negeri ini yg telah hancur karena penguasa jahat moeljono dan antek2x nya,2024-11-03T22:50:34Z,0,0
@gantangdev3529,"Tempo itu bisa apa? Omon omon doang, mentang2 saham nya tempo milik asing,",2024-11-03T16:37:58Z,0,0
@decysusanti7316,"Kita gak pernah banyak ngarep dari kabinet yg sdh dibentuk dgn org yg itu2  , paling nontonin saja sambil makan gorengan ,ğŸ˜‚ğŸ˜‚ğŸ˜‚",2024-11-03T06:25:54Z,0,0
@ariefvisca9994,Stidaknya berharap gak se bar2 sebelumnya,2024-11-03T05:04:51Z,0,0
@Yeyen-p6f,bangsa ini hancur total di tangan Prabowo tidak ada yang bisa diharapkan dari pak Prabowo hampir 50% lebih isi kabinet nya orang yang bermasalah Prabowo 11 12 dengan Jokowi,2024-11-03T03:42:08Z,0,0
@bubblegum5947,Opini pengkhianat negara,2024-11-02T23:38:21Z,0,0
@SaifulSaiful-n6t,Tempo media peeedeee iiii pehhhh lur,2024-11-02T22:57:26Z,0,0
@ariessusanti2094,Kabinet gemoi untuk balas budi para pendukungnyağŸ˜‚ğŸ˜‚ğŸ˜‚,2024-11-02T12:06:43Z,0,0
@sumardidoank8081,"Jauh panggang dari api, rakyat berharap NKRI diurus oleh para negarawan yg berintegritas, ternyata malah diurus oleh para politikus dan orang yg mau bancaan uang negara.",2024-11-02T11:58:17Z,0,0
@didikwahyudi5870,Dr awal sdh diperkirakan klo prabowo itu hukan tipe pemimpin yg cerdas tp omon2ğŸ˜…,2024-11-02T11:43:04Z,0,0
@ahmadsanusi5679,"Jangan pernah berharap kalo sapu KOTOR itu bisa membersihkan lantai yg kotor, karena itu bertentangan dg logika akal yg WARAS",2024-11-02T11:42:14Z,0,0
@samsungmega2417,"Terlalu banyak komentar
Kalo didengar gak akan maju2 malah mundur",2024-11-02T11:37:51Z,0,0
@halelpumpspecialist8763,YG ANEHNY ARTIS APALAGI YG BNYK KASUS BSA MASUK,2024-11-02T11:37:36Z,0,0
@yonilutfiana967,"Presiden bukan Tuhan,so siap kecewa karena presiden juga manusia ğŸ˜Š",2024-11-02T11:37:21Z,0,0
@sastrawangi,Rusak sudah,2024-11-02T11:29:50Z,0,0
@HasbolahBanyuwangi,INI MEDIA APA PENGAMAT POLITIK BRO,2024-11-02T11:24:34Z,0,0
@UdvsusbUshus-ug4un,La titipannya jokowi aja udah banyak  prabowo harus tetap menerima ya lihat aja kedepannya bisa kerja pa gk,2024-11-02T11:23:11Z,0,0
@muhammaddian8813,Berita ğŸ˜‚temponya bikin ribet ja bikin mumetğŸ˜‚,2024-11-02T11:21:14Z,0,0
@lastroprima6466,Budaya feodal peninggalan Belanda masih kental di indonesia,2024-11-02T11:19:16Z,2,0
@YevinaYazid,"Kabinet gemoy tujuannya untuk memiskinkan bangsa dan negara Indonesia...mereka semua menjijikan...tidak ada yang dibanggakan...Innalillahiwainnailaihiraaji'uun...Aamiin...
Mereka semua nyata nyata tidak takut dosa...",2024-11-02T11:17:47Z,0,0
@MantapBank,"Edaaan begitu open tempo ga ada matinya, lanjutkan. ğŸ˜…",2024-11-02T11:09:13Z,0,0
@winantuwinantu8043,"Kabinet ini lebih lucuu dari para pelawak, tak bisa diharapkan, wahai rakyat jangan terlalu berharap, negeri ini lebih baik, omongan para politisi hanyalah omong besar, bersiaplah utk kecewa",2024-11-02T11:04:09Z,0,0
@rohmanaditiya5256,Tempo x ini bener...nyata orba bangkit....ğŸ˜‚ğŸ˜‚ğŸ˜‚,2024-11-02T11:00:04Z,0,0
@hilman3457,Buka matağŸ˜Š,2024-11-02T10:57:42Z,0,0
@BaladewaPutra-s4j,Ujung2nya kalo Jokowi campur tangan bikin negara ini sekarat! Yang enak keluarga Jokowi dan kroninya!,2024-11-02T10:51:53Z,0,0
@sjk492,"Tempo, *Proposal Ditolak, Jurnalistik Hitam Bertindak*",2024-11-02T10:50:46Z,0,0
@peoplepowerindo,Pesimis Prabowo akan menyejahterakan rakyat,2024-11-02T10:50:27Z,0,0
@PaijoPaijo-k2g,Ooo.......tempo tah ğŸ˜‚ğŸ˜‚ğŸ˜‚,2024-11-02T10:47:26Z,0,0
@sazliindraazhari9515,Tdk ada harapan,2024-11-02T10:41:22Z,0,0
@CimoyyGanteng,ğŸ˜‚ğŸ˜‚ kabinet seken.. bekas jokowi di pake yg udah dipecat jokowi masih juga di pake.. gimana nih ğŸ˜…ğŸ˜…,2024-11-02T10:38:45Z,0,0
@johari122,Kabinet garong uang rakyat,2024-11-02T10:31:28Z,0,0
@rantoutomo5865,Oligarki sdg diserang prabowo,2024-11-02T10:30:25Z,0,0
@rantoutomo5865,28 koruptor ditangkap..kren bg ni kabinet,2024-11-02T10:30:05Z,0,0
@agenrahasiadapur4978,Kalo meleset gimana poooo,2024-11-02T10:23:24Z,0,0
@tuminiotot2608,Ada yang sakit hati ğŸ˜‚ğŸ˜‚,2024-11-02T10:18:41Z,0,0
@AhmadJauhari-g1y,Buat apa pak Prabowo  kejar koruptor jauh2 mulai saja dari beberapa menterinya yang sudah terindikasi jemudian lanjut ke orang di sekitar pemerintah,2024-11-02T10:13:56Z,0,0
@mpunkvt9228,Judul agak agak tempo emg agak laen...,2024-11-02T10:10:04Z,0,0
@mammiesuratmi2598,Bisa di review jejak rekamnya,2024-11-02T10:02:30Z,0,0
@Fathanki29,Berbaik sangkalah,2024-11-02T10:00:35Z,0,0
@jonisumaryono,Kabinet Serawut...ğŸ˜‚ Obersitas tdk sehat DiabetesğŸ˜‚,2024-11-02T09:56:14Z,0,0
@chabaqwld1059,U bagi2 jbatan dn kkuasaan laah... Buat org2 yg sdh bjasa memenangkan pilpres biar pd diem,2024-11-02T09:49:29Z,0,0
@AsharMBR,Banyak mentri buzer yg duduk dalam kabinet merah putih prabowo ternyata nengakomodir pertemuan dg mulyono di solo,2024-11-02T09:45:59Z,0,0
@EmasmurniEmas,Hahaha ğŸ˜‚ğŸ˜‚ğŸ˜‚ğŸ˜‚ğŸ˜‚ saya ga pernah milih siapapun apalagi wowo anis n ganjar. SEMUA BULLSHIT BUAT KEPENTINGAN KELUARGA DULU,2024-11-02T09:45:34Z,0,0
@BangUbe,Indonesia Tanpa Harapan,2024-11-02T09:42:24Z,0,0
@mbssport9,Saya percaya dengan Bapak PrabowoğŸ™ğŸ”±ğŸ‡®ğŸ‡©ğŸ”¥,2024-11-02T09:42:16Z,2,0
@BekasiRayaManies,YoNdakTauKokTanyaSaya,2024-11-02T09:41:54Z,0,0
@DanuWijaya-t3l,"Kerennnn,..TEMPO,...MMG Te Oo Pe Be Ge Te,...,.....gass terussss,..suarakan utk generasi muda,....agar melek politik,.....",2024-11-02T09:41:15Z,0,0
@salominahindom3755,Indonesia tinggal menunggu waktu kehancurannya,2024-11-02T09:34:00Z,0,0
@revofficial4474,"Nah akhirnya... Ada konten... Yg beda opini, dan neda pikiran kritik saran... Saya setuju... Abisin anggaran, tumpang tindih wewenang, ga efektif kerja, dll  terbujti banyak wamen yg ga ounya kepeutusa tpi tampil cari muka... Suadah mulai... Masih mending wapres kalau aktif...",2024-11-02T08:55:29Z,0,0
@monsikucing,"Di era sekarang susah banget bedain yg mana salah dan yg mana yg benar, yang mana yg beneran fakta dan yg cuma opini karena emang ga suka aja",2024-11-02T08:04:30Z,0,0
@ghostdoc1340,Kami yg rakyat kecil ini hanya bisa berharap tetap bs bertahan hidup melihat kondisi bangsa yg makin mencemaskan,2024-11-02T05:13:40Z,0,0
@pangerananom5295,"Bravo buat Tempo, yang selalu kritis dalam menyikapi kondisi dan situasi yang terjadi di negara ini..!!! ğŸ‘ğŸ‘ğŸ‘ğŸ‘ğŸ‘",2024-11-02T04:26:22Z,7,0
@jagardositumorang4320,"Gw melihatnya ini gk lbh dgn jin ping beserta PKC,,cb loe liat kl liputan kongres PKC pasti auranya sama kyk kabinet wowo ini,,ğŸ˜‚ğŸ˜‚",2024-11-02T03:52:41Z,0,0
@Amin-ft7xp,"Tempo keren, mendidik rakyat",2024-11-02T03:35:07Z,0,0
@rizenoob9838,"""seperti yang lalu-lalu, kita harus selalu bersiap kecewa""",2024-11-02T02:23:29Z,0,0
@planters77,Ngirim proposal buat apa,2024-11-02T02:21:08Z,0,0
@acanropi4625,"Membagongkan sih emang semangat menggebuÂ² ingin memberantas korupsi, tp merekrut menteri dan wakil menteri yg terindikasi korupsi, itu puraÂ² atau benaran berantas korupsi ğŸ˜‚ğŸ˜‚ğŸ˜‚ğŸ˜‚",2024-11-02T02:01:23Z,0,0
@Harsawi,Bagi bagi kue dong,2024-11-02T01:52:27Z,0,0
@getian97,Politik balas budi yang jelas,2024-11-02T01:36:58Z,0,0
@iventsoerjadibrata,KRN MEREKA SALING MENYANDERA SATU SM LAIN,2024-11-01T23:43:23Z,0,0
@aajimz77,Coba tuh bedah kemenkominfo.. asn dan staff2 ahli membiarkan judi online. Jgn2 bosnya yg nyuruh??,2024-11-01T20:37:33Z,0,0
@mas_topik,"Penasaran kalau konten ini diupload di aplikasi kandang, kayak gimana komentarnya, hhe",2024-11-01T16:07:00Z,1,0
@dimensicell9538,Majalah tempo terkenal sesat,2024-11-01T15:25:37Z,0,0
@rizkisapari3113,"Semoga ini cuma skenario prabowo untuk lepas dr rezim sebelum nya ... bagi2 dulu kue nya.. terus resuffle dengan alasan KPI menteri tidak terpenuhi ...
Pelan2 rezim mulyono habis ... terbukti UU Ciptaker dibatalkan ..anggaran IKN berkurang , dll",2024-11-01T14:47:13Z,0,0
@steve14855,"Kita semua tahu, Tempo milik siapa dan apa tujuannya",2024-11-01T14:23:05Z,0,0
@rahmadbasuki1784,namanya juga kabinet abal abal...,2024-11-01T14:00:19Z,0,0
@endangkoko1538,Terlalu banyak Mentri pak presiden malu klw Mentri ga bisa kerja sama negara lain.... yg negara nya besar Mentri nya sedikit tp mereka bisa kerja ...,2024-11-01T13:49:59Z,0,0
@ArenaEdukasi,Sukses sll tempo,2024-11-01T13:08:49Z,0,0
@mitrarefchannel2949,"Makin cepat makin singkat...ğŸ˜®
Makin singkat akan lebih aman, tidak terperosok makin dalam ...?ğŸ˜®ğŸ˜®ğŸ˜®",2024-11-01T11:22:40Z,0,0
@pudyastuti5362,"Sungguh betapa "" mumetnya' p prabowo. Bnyak titipan2 siluman.
Itulah akibat tawar menawar politik. Smg p prabowo selalu sehat,brpikir jernih dn memihak rakyat.ğŸ‡®ğŸ‡©",2024-11-01T10:26:39Z,0,0
@busanpadse,Hampir semua partai dan relawan dijadikan satu kubu besar ... Para petingginya masuk kabinet .. Akan sangat mudah mengalahkan pak Anies di th 2029 ... Itupun kalau ada partai yg mengusungnya,2024-11-01T10:20:31Z,0,0
@commentator12300,HAJAR TEMPO! HANYA TEMPO YANG PALING NETRAL DI INDONESIA. MEDIA LAIN...HA.HA.HA.HA.HA,2024-11-01T10:19:00Z,0,0
@dmkuswurjaningrum6768,"Ayo Pak Prabowo pejabat yang pernah tersangkut korupsi singkirkan , ini kesempatan untuk panjenengan membersihkan diri dari isu isu negatif.",2024-11-01T09:43:22Z,0,0
@jonyjk1267,bagusan pak hajinya saja jadi presiden.,2024-11-01T09:32:40Z,0,0
@ci6396,Semoga Alloh menghukum pemimpin yg dzolim ke rakyatnya aaamiin,2024-11-01T08:50:22Z,0,0
@arekmadiun4916,Aneh bin ajaib knp kok ada yg dukung mereka ğŸ˜¢ğŸ˜¢ğŸ˜¢,2024-11-01T08:49:03Z,0,0
@darismadhuri,Kenapa disini tdk ada buzzer? ğŸ¤”,2024-11-01T08:14:16Z,0,0
@nuansaputih5242,Mantab menambah wawasan â¤,2024-11-01T07:49:06Z,0,0
@riniys7644,"Kirain kabinet zaken, ternyata kabinet bagi bagi kue...",2024-11-01T07:16:06Z,0,0
@gajahzync,KABINET KOCAK BIN LAWAK,2024-11-01T07:08:39Z,0,0
@syifachoerunisa2882,"""Seperti yg lalu-lalu, kita harus siap kecewa"" â˜ï¸ğŸ˜­",2024-11-01T06:57:40Z,0,0
@ganafmargi3784,"akan terjawab 6 bulan kedepan,  politik akomodasi akan langgeng.",2024-11-01T06:47:45Z,0,0
@patriarkihahahahah,Kocak,2024-11-01T05:51:26Z,0,0
@roniadiatmoko929,Oposisinya adalah Tempo. Memang seharusnya Tempo seperti ini. Jangan biarkan Tempo sendirian menjadi oposisi,2024-11-01T05:47:16Z,0,0
@BangJago-p8d,Kabinet ria jenaka...boros uang negara disaat negara membutuhkan anggaran...seharusnya dipangkas yg tidak begitu perlu...demi ekonomi yg bisa lebih baik...,2024-11-01T05:26:23Z,0,0
@johans2961,Dak bonafid,2024-11-01T05:16:27Z,0,0
@hwarakadah5963,"Untuk menampung pendukungnya, biar puas, gak ada yg komen, gak buat kritik, kecuali ntar kalo mulai udah ada yg dipecat ğŸ˜‚",2024-11-01T05:09:25Z,0,0
@EksiSusasi-ci9hg,"Bahkan....sampai
*5* tahun kedepan,
entah apa yg bisa kita harapkan...",2024-11-01T04:49:10Z,2,0
@alvieramon6686,"Semoga Pak Prabowo mampu, memenuhi, Janji2 nya, dalam hal pemberantasan Korupsi, mencapai Pertumbuhan, 2 Digit, dan bukan hanya, berahir dengan Omon2",2024-11-01T04:46:37Z,0,0
@hendriksukoco-q5w,apa yg bisa diharapkan selain 1 omon omon contoh 1 kementerian dipecah 3 brp anggaran sampai ke bawah hanya foya foya makin rusak negara +62 akibat 58%,2024-11-01T04:17:53Z,0,0
@aqua_kidzwk5186,yg sengsara rakyatnya,2024-11-01T04:16:16Z,0,0
@susantiw949,Konoha.. makin kesini makin kesonoğŸ˜­,2024-11-01T04:04:32Z,0,0
@rizahasan4185,Salah satu CARA abisin DUWIT  RAKYAT,2024-11-01T04:01:01Z,0,0
@hardjono8077,Tidak ada komentar. Dilihat saja nanti kerja dan hasilnya.,2024-11-01T03:37:56Z,0,0
@sasti3385,"Kabinet bagi bagi kue kekuasaan 
Sedangkan rakyat banyak di rugikan",2024-11-01T03:34:18Z,0,0
@albimumu,Coba tebak negara mana yg kabinetnya ramping tapi negaranya maju?,2024-11-01T03:31:11Z,0,0
@darsoKost,"kalo pbw pilpres kemarin wakilnya bukan ffff, yakin yg menang pilpres antara anies atau ganjar",2024-11-01T03:08:44Z,0,0
@bengkelriomotor,mas gibran pemimpin masa depan,2024-11-01T02:20:12Z,1,0
@DreamSucces-b2w,"wkwkkw setuju, kabinet mumet kabinet kelimpungan",2024-11-01T02:05:52Z,0,0
@rahmadgerpol,"Benar satu tahun pertama kabinet Prabowo harus dihabiskan masalah internal terutama menteri-menteri jabatan baru. Buat kop surat baru lah, buat stempel baru lah, buat plang kantor dengan nama baru lah, jahit seragam baru lah, bagi PNS lah, bagi gedung lah, bagi anggaran lah dll. Jadi sebenarnya kabinet Prabowo hanya efektif empat tahun.",2024-11-01T02:02:44Z,0,0
@KarinRimangarinahVie,Ok gas Ok gas ... ğŸ˜‚,2024-11-01T01:58:44Z,0,0
@bintoromarto8003,Tempo terpercaya....tetap optimis,2024-11-01T01:53:47Z,0,0
@MKYArchitect3M,Tempo lagi tempo lagii ğŸ˜®â€ğŸ’¨,2024-11-01T01:46:36Z,0,0
@rayd3674,semoga TEMPO tetap bersuara kritis,2024-11-01T01:35:28Z,0,0
@nicolehomeliving,"kasian kasian ğŸ˜‚, just wait for the next",2024-11-01T01:25:16Z,0,0
@WJuliants,"Untuk saat ini, sy sebagai masyarakat oposisi hanya bsa tertawa haha hihi melihat pemerintahan di kabinet merah putih yg kebanyakan di isi oleh org2 yg tdk punya kapasitas atau pengalaman di bidangnya masing2 ğŸ˜…",2024-11-01T01:07:42Z,0,0
@agungkurniawan122,"Fungsi kabinet gemoy
1. Balas budi jasa relawan dan teman
2. Mengakomodir kepentingan politik
3. Bagi-bagi kue kekuasaan 
4. Meningkatkan cuan dari proyek APBN
5. Memperbanyak koalisi memperkecil peluang oposisi
6. Membantu mengamankan temen yang memiliki catatan hukum
7. Mendahulukan kepentingan kelompok penguasa dst...

100. Kerja untuk rakyat..eh salah deng, untuk pencitraan ğŸ˜",2024-11-01T00:49:55Z,0,0
@jayantistrip88,Eh. Banyak ya,2024-11-01T00:48:38Z,0,0
@Cip3ngp3ng,"Gemuk, wamen luar biasa banyak..apakah kembali jaman orba, padahal bpk gemoy teriak2 anti bocor..lingkaran hj.ism sgtlah banyak.",2024-11-01T00:45:05Z,0,0
@TheIbnusyam,"Prabowo ini sejak awal hanya ingin menuntaskan mimpinya menjadi seorang Presiden, sebelum ajal menjemputnya. Jadi sekarang dia hanya sedang menjalankan lakonnya, main plesiden plesidenan. Silahkan para pendukungnya untuk bermimpi atas keberhasilan Prabowo dan koncoÂ² nya dalam mensejahterakan hidup kalian. Cuma mau ngingetin, tahun depan BBM kemungkinan besar bakal naik, dan PPN sudah pasti naik. Saat itu tiba silahkan jogetÂ² pake sound horeg",2024-11-01T00:42:06Z,0,0
@nurshobahsmd7013,Dari dulu emang gk pernah berharap banyak sih,2024-11-01T00:33:10Z,0,0
@achmadnk2605,"Harapan hanya tinggal harapan dgn bermimpi akan menjadi Indonesia emas tapi faktanya malah menuju Indonesia cemas 
Gmna g cemas, cari kerjaan sulit kalaupun ada gajinya dibawah standar UMK tapi tuntutan pemberi kerja harus memiliki sertifikasi ini dan itu 
Dan inilah fakta yang saya rasakan saat ini ğŸ˜­",2024-11-01T00:31:19Z,0,0
@mikhailyunus6377,Nasib rakyat kelas ekonomi menengah kebawah semakin ngenes .,2024-11-01T00:23:34Z,0,0
@aminsumaryanto4976,"Ini bukan demokrasi, tapi bagi bagi kursiğŸ˜‚",2024-11-01T00:20:25Z,0,0
@rahmatyusuf2931,Keren,2024-11-01T00:19:14Z,0,0
@Dear-iy5jj,Kita doakan saja ... Kalau niatnya baik kenapa kita dukung selama memihak pada rakyat...yg repot itu kalau dicawe cawe SM kelompok nyinyir selalu protes padahal kalau kelompok nyinyir yg pegang pemerintahan belum tentu juga baik.,2024-11-01T00:13:15Z,0,0
@MiftahF,"Bukan menggantungkan harapan sih, tp gk percaya lg dalam berharap",2024-10-31T23:57:51Z,0,0
@vivifarel86,bener bgt kalau saya lihat-lihat para menteri yg diangkat mayoritas politik balas budi yg sudah bekerja saat kampanye pilpres.,2024-10-31T23:57:27Z,0,0
@valentinaambiar1732,Inna lillahi wa inna ilahi rojiun,2024-10-31T23:50:54Z,0,0
@bimbrembo4555,Ya kalau saya pribadi setuju dengan statement di akhir jgn terlalu berharap apapun karena memang kan berkelanjutan,2024-10-31T23:48:20Z,0,0
@awalmukminsiregarofficial6831,"Tetap berharap kepada Pak Prabowo, walau dengan gemuknya struktur membuat itu semua seolah mustahil ditambah para pembantunya yg terindikasi bermasalah.ğŸ˜¢",2024-10-31T23:38:20Z,0,0
@WahyuUnhi,"Lanjutkan tempo, terus kawal",2024-10-31T23:19:59Z,0,0
@warinsadara1294,Ancur min ... Selama mulyono cawe cawe ğŸ˜‚ğŸ˜‚ğŸ˜‚,2024-10-31T23:10:57Z,0,0
@Pordazi,"Prabowo memang melanjutkan Mulyono, apa lg anaknya Mul jd wakilnya, mana bisa wowo objektif, yg berkuasa adlh oligarki/maling2 hasil bumi/alam RI!!",2024-10-31T23:02:49Z,0,0
@xintheza1618,Tambah parahğŸ˜‚,2024-10-31T22:55:13Z,0,0
@culturehd2001,yang mumet itu lo .. tempo hahahaa,2024-10-31T22:33:27Z,0,0
@ZackyyAbdan,Ini baru benar2 mediağŸ‘ğŸ‘ğŸ‘Hanga media tertentu yg berani menyebut oligarki atau sultan yg ada dikalimantan khususnya kabupaten tanah bumbu,2024-10-31T22:28:26Z,0,0
@Thedangduters,Kabinet orang2 bermasalah...kabinet bagi2 kue kekuasaan enak ya yg terindikasi korup pun aman2 aja ğŸ˜‚ yg ad di oposisi langsung tangkap kocaaakkkkk hati2 negara2 luar tdk sudi investasi alias 0 investor karena carut marut hukum,2024-10-31T22:19:48Z,2,0
@syavatartristanwijaya2103,5 tahun ke depan hampa,2024-10-31T22:19:37Z,0,0
@IndraVexed,"Menjawab headline nya : untuk nyenangin mulyono, mungkin punya hutang budi atau hutang rahasia pilpresğŸ˜‚",2024-10-31T22:03:15Z,0,0
@mbahuti7009,"Tempo, suarakan terus",2024-10-31T21:57:52Z,0,0
@ultramencemen8754,Bakal lebih parah dari sebelumnya,2024-10-31T21:48:28Z,0,0
@djumadinbinjamaludin3792,"Masuknya orangÂ² bermasalah kekabinet Gemoy karena Prabowo tidak kuasa menolak ""Titipan""  Jokowi alias Mulyono.",2024-10-31T21:30:10Z,0,0
@Brandhal_lokajaya_2,"Tempo provokator 
Kalian akan hancur ğŸ˜…",2024-10-31T20:08:31Z,1,1
@culturehd2001,"bener haaha , tempo barisan sakit hati",2024-10-31T22:34:08Z,0,
@masbro6374,Bikin kabinet tempo ajah,2024-10-31T20:06:01Z,0,0
@HeroPriyanto-q7k,TEMPO â¤,2024-10-31T18:41:07Z,3,0
@mukhlisnasution8925,Berani dengan konsekuensi sumpah jabatan ğŸ˜®ğŸ˜¢,2024-10-31T18:06:44Z,3,2
@aderachmawati7030,Cuma segitu mah gak sebrapa dengan tanggung jawab akherat,2024-11-03T04:54:21Z,0,
@mukhlisnasution8925,"@aderachmawati7030Â  hmmm...
Yang orang kebanyakan tau, sumpah jabatan atas nama tuhan dari agama pejabat yg disumpah dengan disaksikan kitab suci nya, jadi bagi muslim didunia pun sdh ada azab jika keluarga dikasih dari hasil yg bukan syariah, apalagi akherat.",2024-11-03T11:48:29Z,0,
@suwandiandi8872,Ya jelas untuk balas budi karena didukung mereka kemarin waktu kampas...!!!ğŸ¤£ğŸ¤£ğŸ¤£ğŸ¤­ğŸ™,2024-10-31T18:02:45Z,0,0
@ahmadsodik7900,"ğŸ˜…kalo Prabowo kabinet gemoy... Nggak juga sih.
Itu masih kecil jumlahnya.
Indonesia ini besar lah .jmlah penduduk 280 jtaa.  Harusnya ideal nya jumlah pejabat memteri yaa. 280 orang lebih. ğŸ˜ŠğŸ˜Šbegitu bang. Ideal nya.
Karuan jangan nanggung ğŸ˜…",2024-10-31T17:59:23Z,0,0
@salmahidroponik8573,urat takutnya udh putus nih TempoğŸ˜‚,2024-10-31T17:00:21Z,0,0
@JokoJMC,"menteri ngamuk birokrasi ruwet, eh presidennya malah nambahin kursi dan jabatan",2024-10-31T16:54:18Z,0,0
@wongkediri528,"Ancur ""anğŸ˜‚ğŸ˜‚ğŸ˜‚",2024-10-31T16:51:45Z,0,0
@kaukabachannel,"Tdk ada harapan,,daya rusak jungkring lbh dr 10 th",2024-10-31T16:41:51Z,7,0
@Lilisgemas,Visi misinya gak jelas sih. Klo semua semua oligarki dibagi kekuasaan ini sih mah yaaa... Apa yang bisa diharapkan dari presiden baru ini?,2024-10-31T16:41:02Z,1,0
@juragun,"Entah mengapa prabowo mlkukan kesalahan yg sm sperti pendahulunya yakni suharto (mertuanya). dimna tdk ada oposisi di pemerintahannya yg menyebabkan tdk adanya 'check & balance' dmn merupakan kunci dri sistem berdemokrasi yg baik.
Sistem tanpa oposisi ini bnyak menyebabkan pra pemimpin berada diposisi 'menara gading atau sperti burung dalam sangkar emas' krn sumber informasi real sangat sulit didpt dan berjalan hanya 1 sumber saja akhirnya menyebabkan tdk mengetahui akan fakta dilapangan yg sbnarnya terjadi.",2024-10-31T16:24:25Z,0,0
@cemangijepun5921,Keep Going TEMPO suarakan apa Efeknya menghancurkan DEMOKRASI tolong bahasanya lebih sederhana agar Rakyat penjilat dan IQ 78 paham bahwa KORUPSI  di pakai senjata  JOKOWI utk Mendukung Perusakan KONSITITUSI.,2024-10-31T16:13:57Z,2,0
@SiPaijoBagus,"Beda lah Presiden Prabowo sama Joko. Presiden Prabowo tak sebodoh dan seotoriter yang Anda Bayangkan.

Bagi bagi kekuasaan beda dengan sharing power.

Apa salahnya orang yang berjasa memenangkannya diberi kue. Itu tradisi bung, dari zaman bauhela di dunia.

Tapi ingat, Presiden Prabowo orang tegas (catat: Tegas bukan berarti otoriter!). Kalau dah dikasih kue kok kerja ndak pecus pasti disikat. Jamin deh!

Beda jauuuuhhhh dengan Jokowi yang ukurannya suka ndak suka. Jokowi kalaupun menteri bagus, bisa kerja tapi ga suka didepak. Jokowi banyakan drama.

Kalau presiden Prabowo ukurannya capaian kinerja. 

Buktikan dan catat opini saya yang orang biasa, bukan aktivis intelektual ini.

Mari tatap masa depan dengan optimisme.

Indonesia Jaya di bawah Kepemimpinan Presiden Prabowo!",2024-10-31T15:50:07Z,0,0
@abassudarmoko2187,Pemerintahan baru ini sungguh mencemaskan..,2024-10-31T15:35:12Z,9,2
@entrist5729,Tanggung jawab si pemilih yg 58%,2024-11-02T10:04:13Z,0,
@aderachmawati7030,Kepanjangan nya raja jawa,2024-11-03T04:53:16Z,0,
@SahabatBibitKita1,"Kabinet gemoy, bagi-bagi kue kekuasaan.
Rakyat gimana ğŸ¤”",2024-10-31T15:32:54Z,1,0
@febriyantil4281,Se-7 Se-X  pendapat TempoğŸ™,2024-10-31T15:28:46Z,8,0
@FreDigitalArt,mulai saat ini sy akan kembali setia baca tempo spt zaman orbağŸ‘,2024-10-31T15:17:27Z,28,1
@dewinoviarini1103,Sama,2024-11-03T11:13:23Z,0,
@DrMYusufSusenoSpJP,ğŸ˜¢ğŸ˜¢ğŸ˜¢. Sedih melihat negeri ini..,2024-10-31T15:13:36Z,29,0
@rokhimrokhim5334,Kabinet asal jadi ahirnya ampuradul.,2024-10-31T15:06:58Z,1,0
@ahmadnurofik7366,Mana nih buzzernya kok ga ada yg munculğŸ˜‚ğŸ˜…,2024-10-31T15:03:35Z,0,0
@hasanbahri89,"Perlu diingat. Ini semua hanya opini. Sangat mungkin salah. Kalau salah ya diabaikan kalau benar ya diagungkan. Sebenarnya hal ini bukan masalah. Tapi pembawaannya malah diikuti kebencian, itu yang bermasalah",2024-10-31T15:00:30Z,0,0
@umayyad_mosque,""" kita harus bersiap kecewa "" 
Saya gk kecewa , karna gk berharap kpd pak Prabs .",2024-10-31T14:58:29Z,1,0
@karuniabumiabadi681,aman selama pro kekuasaan.,2024-10-31T14:42:53Z,4,1
@shjsbsbs7186,Bener,2024-10-31T14:48:33Z,0,
@budiagustianto9733,Gemoyongan,2024-10-31T14:36:36Z,0,0
@sultanjambangunung8313,Bagi bagi kekuasaan.,2024-10-31T14:34:47Z,16,1
@aderachmawati7030,Bagi2 kueğŸ˜…ğŸ˜…,2024-11-03T04:52:30Z,1,
@aseptriyani6694,Saya bahkan tidak berharap sama sekali.,2024-10-31T14:30:41Z,5,0
@rudygunawan1045,"Kl saya pribadi sdh mempersiapkan hati utk KECEWA (bukan brarti tdk berharap), soalnya belajar dr pengalaman presiden sblmnya. Jd spy tdk kecewa jng terlalu mendewa dewakan Prabowo
Ada quote bagus: Jika Anda bertekad utk di sukai, Anda siap utk berKOMPROMI dg SIAPAPUN dan KAPAN PUN dan Anda tidak akan MENCAPAI APAPUN. Inilah cerminan dr kabinet yg di pimpin Prabowo Subianto. Jd kabinet nya bukan merah putih tp Kabinet Nothing",2024-10-31T14:27:21Z,11,0
@yudikece6395,Lelucon ap SiBowo.....ini,2024-10-31T14:16:44Z,0,0
@aprialam446,"Biarkan dl bekerja 100 hari baru di koreksi. Lihat dl hasil nya. Asumsi aja,",2024-10-31T14:10:04Z,1,0
@jokostone5603,Apa yg mau di harapkan dari kabinet kabinet yg bermasalah ini.... ? Semua hanya dagelan,2024-10-31T14:09:30Z,5,0
@Diofara,Hampir semua ketua partai jadi menteri.  Emang tujuan jadi ketum biar jadi menteri yah level terbawahnya sebelum nyapres.,2024-10-31T14:07:12Z,0,0
@tatiksuryani3681,Tempo.kereen,2024-10-31T14:01:16Z,6,0
@maknaga6072,kabinet gemoy kabinet omon-omon,2024-10-31T14:00:56Z,1,0
@ibnusukadi7695,"Maunya berpihak pada rakyat, bangsa & negara tetapi mereka yang berjasa akan minta bagian untuk kepentingannya. Kepentingan kekuasaan & kepentingan ekonomi. Kapan negaraku maju ya?",2024-10-31T13:59:46Z,4,0
@asyharibudiman,"jogetin ajah, asal jangan bikin nambah susah masyarakat saja. macam PPN 12% bentar lagi.",2024-10-31T13:57:19Z,0,0
@alvakurniawan8503,Yang ribet sebenarnya tukang kritik+tukang nyinyir kalo Ng gitu Ng ada kerjaan dan Ng dibayar .....cuma sekedar bisa vonis tapi belum tentu becus bekerja,2024-10-31T13:52:26Z,0,0
@ikidzunaedi25,"Pak prabowonya sih kuncinya, menterinya banyak yg terindikasi korupsi tapi pak prabowo di pertanyakan tanggung jawabnya.",2024-10-31T13:48:59Z,2,0
@dekasalim9166,Yah rakyat kebagian nya cuman kecewa dan kecewa tambah susah lagi.,2024-10-31T13:44:41Z,0,0
@danielfrankie-pn9oe,Contoh: polhukam udah mau memimpin politik luar negri?..,2024-10-31T13:42:47Z,0,0
@kamekame2818,"Tampaknya strategi owo adl lbh menitik beratkan pd stabilitas politik dlu dg merangkul & mnyatukan bbg kubu 
Konsekuensinya adl kabinet mnjd gemuk, boros, tak efisien efektif dll
Demokrasi pun akan dikorbankan

Melihat komposisi awal pmrntahannya maka jng terlalu berharap
Pesimis akan ada perubahan yg baik
Kita lht sj nanti",2024-10-31T13:41:42Z,1,0
@retnasyamsiah2210,"Nah, 3 org itu tersangkut korupsi tapi tidak ""dieksekusi"", trus what the hell is goin' on with Tom Lembong....kocaaak gemoy",2024-10-31T13:41:27Z,1,0
@swirak4592,Emang enak di simak dan perlu.. BravO Tempo,2024-10-31T13:38:17Z,4,0
@diponegoro9,"Satu2nya opini jurnalistik yg JUJUR, dikala sebagian besar media hanya membebek dn bersikap ABS.
Terima kasih Tempo, berusaha menjaga kewarasan bernegara",2024-10-31T13:35:56Z,1,0
@AgusZulianto16793,"Tempo harus mengulas apa itu sebenarnya demokrasi Pancasila yg dianut Indonesia, dan membandingkannya dengan kondisi saat ini. ğŸ‘",2024-10-31T13:34:44Z,3,0
@imongali,"Prabowonya sendiri saja bermasalah, gimana bawahannya.",2024-10-31T13:33:09Z,1,0
@layanancimlong517,media lainnya ngomongin kerja..  ini tempo malah ngomong gak jelas.. selamat datang wartawan tempo di otak buntu.. wkwkwkw,2024-10-31T13:33:04Z,1,0
@abumeiza6992,100 hari pertama yg blunder,2024-10-31T13:28:16Z,35,0
@Rendys78,"Saya pendukung Prabowo dari 2014 tapi liat kabinet yg dibentuknya paraaaaaah.... Sangat tidak profesional.... , kirain hebat... Rupanya lebih parah... Hancur hancur negeriku",2024-10-31T13:23:02Z,0,0
@jajananecahaya5807,Nunggu pemakzulannya saja.semoga ALLAH jaga negeri ini.menjadi negeri yang bebas koruptor.,2024-10-31T13:21:30Z,21,0
@andiwaluyo1214,Keren tempoğŸ‘ğŸ‘ğŸ”¥ğŸ”¥,2024-10-31T13:19:22Z,15,0
@dewabrata7534,"Ingat yg di katakan om WOWO 2030 Indonesia akan bubar..inilah salah satu tandanya, di mulai 10 th jokowi berkuasa skrg di lanjutkan prabowo.",2024-10-31T13:16:55Z,0,0
@davidsetiadi4307,Orba 2.0ğŸ˜‚ğŸ˜…,2024-10-31T13:16:47Z,0,0
@raharjowaluyo1242,"Saya pengamat media ya bagus kalo tempo selalu kritis ,tp bukan menjelekan bahkan selalu mengawasi jalannya Pemerintahan fokus kesejahteraan warga negaranya..


Pak Presiden bikin kabinet jumbo besar itu karena pekerjaan ingin fokus pada bidangnya ...ad wakilnya sekira pak Presiden kita bukan sembarangan pnya strategi dan perencanaan matang .. katakanlah mata elangnya Prabowo yaitu banyak staf ,wakil mentri mereka tempatkan untuk mengawasi apbn dan alokasi yg benar..",2024-10-31T13:14:46Z,4,0
@kamaluddin-xv2gd,"Kita tetap optimis utk bangsa indonesia, kita doakan pak prabowo mantan TNI jendral TNI yg pernah berjuang angkat senjata sampai berdarah darah utk bangsa indonesia semoga tdk takut tunduk pd jokowi pengusaha mebel yg sdh merusak indonesia. Semoga pak prabowo msh berjiwa tni cinta nkri, demi nkri bangkit secepatnya pak prabowo menyingkirkan fufufafa gjbran dan semua pejabat aparat loyalis jokowi",2024-10-31T13:14:18Z,2,0
@elokalamudi6785,Ini baru kulitnya... isinya lebih ngeri,2024-10-31T13:12:05Z,4,0
@SudaryonoYono-zu9ws,"Jd pak Prabowo gk usah kejar koruptor sampai Antartika,negara sdh bangkrut,sfh gk sda uang,kl serius ingin brantas korupsi,cukup tuh tangkap orang2 yg bermasalah di kabinet gemoy,yg se7 silahkan kumpul di sini !",2024-10-31T13:11:27Z,53,9
@andredillannw4980,Setuju,2024-10-31T15:28:01Z,2,
@CjNo-n3c,Betul karena ada beberpa koruptor di sisi beliau semoga pak prabowo sehat2 dan tegas tidak dsetir siapapun ğŸ˜¢,2024-10-31T22:44:36Z,3,
@muhamadkomsi7380,"Itu kiasan bos, intinya pak Prabowo sbg presiden ingin memberantas korupsi, kejar ke antartika intinya mencegah jgn korup.",2024-11-02T10:18:20Z,0,
@Sudianto-y8s,ğŸ˜‚ğŸ˜‚ğŸ˜‚ğŸ˜‚ğŸ˜‚ğŸ˜‚ ke Antartika emang ada manusia di sana yang ada beruang kutub â€‹@@muhamadkomsi7380,2024-11-02T10:36:24Z,0,
@RoospitaManurung,SANGAT SETUJU,2024-11-02T10:48:52Z,1,
@SudaryonoYono-zu9ws,"@@muhamadkomsi7380 tahu bosqu,yg saya maksud itu,bersihkan dulu lingkungannya dari menteri2 yg terindikasi korupsi dan alangkah bagusnya kl pak presiden minta utk diaudit tuh food estate yg nanam singkong tp tumbuh jagung,itu baru top markotop ğŸ‘",2024-11-02T22:54:30Z,1,
@Aguk-s8w,"Gak usah ke antartika , kejar aja si ZarofğŸ˜‚",2024-11-04T00:08:31Z,2,
@NurHasanah-q6r9f,Betul pasti semua pejabat bkl kena tu,2024-11-04T05:51:17Z,1,
@nelyanti1778,Setuju bangeet.....yg utama itu justru yg sekitar dulu yg diberantas terus berlanjut ke yg lain nya....,2024-11-08T02:06:49Z,1,
@juandataravidya9482,Koruptor tidak takut dan dianggap tak ada neraka,2024-10-31T13:09:23Z,1,0
@fyarabdhe5010,"memberantas koruptor hanya ""mimpi""",2024-10-31T13:09:10Z,5,2
@nuzultriyanto,diketawain ronald tanuri ğŸ˜‚ğŸ˜‚ğŸ˜‚,2024-11-02T09:37:41Z,0,
@aderachmawati7030,"Negara konoha, negara di angan2",2024-11-03T04:56:00Z,0,
@pedrosakr4298,"Sdh 2 minggu kabinet dilantik daya beli semakin rendah sekali, hancur sdh ekonomi negeri ini.",2024-10-31T13:03:27Z,0,0
@sutan164,Paling tahan 2 thn.nte jg oada di suruh kluar,2024-10-31T12:59:58Z,1,0
@rukmaneffendi3824,Penegak hukum kaku tidak mampu bergerak bagi para menteri di kabinet merah putih yang terindikasi korupsi.,2024-10-31T12:58:45Z,6,0
@thamrinalexis3602,Innalilahi wa innailaihi roojiuun,2024-10-31T12:56:24Z,1,0
@Maung-bx6iy,"tepat, seperti nggak ada orang yg bersih dan mempunyai integritasğŸ˜‚ğŸ˜‚ğŸ˜‚ğŸ˜‚",2024-10-31T12:55:43Z,3,0
@antptd,"Terima kasih Tempo.
Ulasannya berbobot.
ğŸ‘",2024-10-31T12:54:18Z,45,0
@yatinarzo8707,"Dari awal saya sudah pesimis dengan masa depan Indonesia.Saya rakyat kecil hanya bisa berdoa semoga Allah SWT melindungi NKRI dari penguasa2 dzolim dan yang hanya mementingkan perutnya sendiri.Semoga yang ""salah akan seleh""... Aamiin Yaa Robbal Alaamiin ğŸ¤²ğŸ¤²ğŸ¤²",2024-10-31T12:50:17Z,28,0
@masbimbim9957,Buzzeer mulyono..keluarlah,2024-10-31T12:48:15Z,1,0
@annasoleha792,Menuju Indonesia cemas...,2024-10-31T12:45:30Z,4,0
@AchmadSusanto-py8gb,"71T per tahun dibagi 82,9jt pelajar+ibu hamil dibagi senin-jumat 261/th = Rp3,281/pelajar (1 telor mentah ato 1 sendok daging mentah ato 1 cangkir susu) hrg trsbt blm trmsk dimasak, packaging, distribusi dan buah2an.

Macan asia mana macan asia? Ayo kita swasembada beras!! Sukseskan gerakan 5jt kios/lapak tepi jln 2x3mtr seluruh indonesia atasi pengangguran sbb 2019-2021 corona 2019 sampai 2024 loker formal hny rekrut 2jt lbh pdhl angkatan krj tiap tahun membludak.",2024-10-31T12:44:45Z,3,0
@mhasan4127,Smg wong cilik tidak jd korban,2024-10-31T12:44:28Z,4,0
@kharismawidjayaputra2576,Bahas trah soekarno kapan ?,2024-10-31T12:39:52Z,0,0
@ecunoq144,"Pemilunya bermasalah yang jadi juga bermasalah 
Kedepan Indonesia juga akan bermasalah 
Apa yang bisa diharapkan lagi",2024-10-31T12:38:30Z,15,0
@aansportivo,"Kabinet gembrot untuk apa? 
Ya untuk bagi"" kue lah... 

Bahkan beberapa menteri gak punya kantor gegara jatah menteri ditambah

Haha konyol kan...",2024-10-31T12:38:16Z,1,0
@abeltahik5671,Apa yg kalian harapkan pemerintah saat ini?,2024-10-31T12:37:31Z,1,0
@Santoso-q8m,D jogetin aj ğŸ˜‚,2024-10-31T12:37:20Z,0,0
@user-uy8uh7bk2m,"hamya show jabatan, utk penuhi kuota pendukung nya.",2024-10-31T12:37:14Z,1,0
@yasinyusup85,Hahaha..ngomong apa po...udah gk respect..kamu ketahuan...... ğŸ˜…ğŸ˜…ğŸ˜…ğŸ˜… tergantung order...,2024-10-31T12:37:00Z,0,0
@Kembangparichanel,Tempoâ¤,2024-10-31T12:35:16Z,3,0
@ayuamut6877,Lebih bobrok ternyata sama kabinet Jokowow ğŸ˜‚,2024-10-31T12:34:52Z,0,0
@texasjack5391,ğŸ˜ŠğŸ˜ŠğŸ˜Š.,2024-10-31T12:34:14Z,2,0
@su_siw,selalu siapğŸ˜¢,2024-10-31T12:34:11Z,1,0
@adithreeIndonesiaforever,menteri titipan warisan mulyono masih berkuasa....pada akhirnya 11:12 dgn rezim mulyonoğŸ˜‚ğŸ˜‚,2024-10-31T12:33:50Z,1,0
@damar1967,"5:18 agak ngatur ya xixixi, publik juga bebas beropini",2024-10-31T12:33:44Z,4,1
@satyananda4389,ğŸ˜‚,2024-10-31T13:50:58Z,0,
@ellenthio9247,"baru aja uda bermasalah bgm.uda jd siluman ,ğŸ˜‚",2024-10-31T12:32:37Z,0,0
@ipeeending7504,ğŸ˜‚ğŸ˜‚ğŸ˜‚ kita lihat aja...mudah2an prabowo mau membuang barang busuk di kabinetnya....ga hanya di resshufle tp di kandangin juga...,2024-10-31T12:30:44Z,2,0
@wellas-ow6mo,Terimakasih Tempo atas penjelasaannya..lanjutkan ğŸ™,2024-10-31T12:29:55Z,15,0
@konsepiturelative9119,Mumet tambah pikun ?,2024-10-31T12:25:53Z,0,0
@MaryonoHugo,Opini tempo tidak ngaruh coy,2024-10-31T12:25:32Z,0,0
@marnisusanti908,Muka mentri nya kebanyakan muka2 koruptor....yg penting jgn Jd oposisi biar aman...,2024-10-31T12:24:27Z,2,0
@AbiBuana,Gajinye pake daon,2024-10-31T12:21:46Z,1,0
@SubhanARIEFSubhanARIEF-to1ok,Gass ğŸ‘,2024-10-31T12:18:53Z,2,0
@bocahahay-kj7gv,"Nunggu Program 3jt rumah gratis apa benar gratis ya...
Secara logika gak masuk akal di gratiskan karena harga rumah itu ratusan juta",2024-10-31T12:16:57Z,0,0
@ekowidayati4309,"Apa yg bisa diharapkan dari pemimpin hasil Kecurangan,
selain dirinya sendiri pelangar HAM berat.",2024-10-31T12:16:34Z,1,0
@samsjowo3311,Tempo tak tertandingi,2024-10-31T12:13:32Z,71,2
@planters77,Dalam hal ngirim proposalğŸ˜…ğŸ˜…,2024-11-02T02:19:38Z,1,
@PudentianaRiyanti-ho1bd,PROPOSAL DITOLAK FITNAH BERTINDAK ğŸ¤£ğŸ¤£ğŸ¤£,2024-11-02T09:52:28Z,0,
@endrowacono3037,Jelas sekali bagiÂ² oligargi. Demi kepentingan pribadi dan golongan. Semoga aja cepat di dievaluasi kinerjanya setahun ini.,2024-10-31T12:13:16Z,7,0
@Garuda_Nusantara888,Oligarki ğŸ˜ŠğŸ˜ŠğŸ˜Š,2024-10-31T12:12:15Z,0,0
@awidyapanggabean8613,"Sebaiknya biarkan berjalan dulu, baru dikritik, dipuji, dikasih masukan. Jangan lupa kasih solusi bila ada yang kurang atau masalah....",2024-10-31T12:12:06Z,3,0
@tjaturwulan4157,Ngeeriiii,2024-10-31T12:11:32Z,0,0
@thereligi4197,"digadang gadang jadi presiden terbaik, nyatanyaaaa????",2024-10-31T12:11:11Z,0,0
@NuriksanAjaa,Enak dengerin tempo  sambil ngopi dan siapin proposal,2024-10-31T12:09:58Z,7,0
@myytprem2138,"Beda banget komentarnya sama di tiktok, emang sarang buzzer tiktok",2024-10-31T12:09:39Z,4,0
@indriastuti6576,"Nggak yakin sich sama kabinetnya P.Prabowo,cuman gimana lagi......itu kan hak prerogatif Presiden.",2024-10-31T12:08:53Z,11,0
@andincarisa8804,YANG RIBET KAN LU TEMPOOğŸ˜‚,2024-10-31T12:08:11Z,0,0
@gizidietsnt3888,"AKAN ADA RESUFLE BESAR2AN, DIBULAN2 AWAL HANYA UNTUK  BAGI2 KUE DAN BAGI2 KE  KOLEGA UNTUK BALAS BUDI DAN PESANAN REZIM SEBELUMNYA UNTUK AMANKAN FUFUFAFA, SEBAGIAN MENTRI DARI CAWE2 PAK MULYONO. SETELAH ITU RESUFLE BESAR2AN UNTUK DIISI MENTRI2 BARU DARI TEKNOKRAT PROFESIONAL YANG SUDAH DIKANTONG PAK PRESIDEN. DISITULAH MOMENTUMNYA..PRESIDEN PUNYA GEBRAKAN MEMPERKUAT SUPREMASI HUKUM DAN TANGKAP SEMUA KORUPTOR DIREZIM SEBELUMNYA, DENGAN BEGITU PRESIDEN AKAN TAMBAH LEGITIMASI DARI RAKYAT DENGAN MENANGKAP SEMUA KORUPTOR DIMISKINKAN,  HASIL SITA KEKAYAAN KORUPTOR UNTUK DIBAGI2 KE RAKYAT TIDAK MAMPU SEPERTI RUMAH ALAT2/KENDARAAN DAN MODAL UNTUK  RAKYAT KECIL AGAR LEBIH MANDIRI BERWIRAUSAHA DAN SEJAHTERA. PRESIDEN AKAN DICINTAI RAKYAT BILA BERHASIL MENANGKAP SEMUA KORUPTOR UNTUK INDONESIA LEBIH MAJU. AYO PAK PRABOWO TANGKAP SEMUA KORUPTOR DAN APARAT HUKUM YANG MERUGIKAN NEGARA. KUNCI PRESIDEN BERHASIL=TANGKAP KORUPTOR+TANGKAP APARAT HUKUM YANG KORUP MENYALAHGUNAKAN WEWENANG ğŸ”¥ğŸ”¥",2024-10-31T12:07:59Z,1,0
@dzonodz9317,"Dlm 6 bulan kedepan , Prabowo cuma presiden simbolis ...tak punya kekuasaan penuh pada kabinetnya ...karena menteri2 yg terpilih langsung bertanggung - jawab pd sponsornya ... partainya , jokowi , oligarkhi",2024-10-31T12:07:05Z,4,0
@chivalazanx2161,"Pesimis jika melihat apa yg dibuat presiden baru ini, janganÂ² pertumbuhan ekonomi tdk seberapa tapi malah UTANG nya yg tambah banyak. Rakyat harus waspada dgn jargonÂ² yg blm terbukti.",2024-10-31T12:06:25Z,11,0
@bd-gz6bw,Tempo ternyata tetap keren!,2024-10-31T12:04:44Z,33,0
@Mariah-p3g,Di kabinet kalau ada mentrri nya yg bermasalah cepat di beresin aja.,2024-10-31T12:04:34Z,5,0
@rendovo,Biar pejabat nya pny potensi lakukan penyimpangan2.,2024-10-31T12:04:20Z,5,0
@SyairajiAji-h5l,Wowo tersendra raja JawağŸ˜‚,2024-10-31T12:04:16Z,39,0
@indrarendezvous1965,Kabinet Omon-omon dan FufuFafa plus Haji Isam... Indonesia Emas jadi Indonesia Makin Cemas...!!!,2024-10-31T12:03:33Z,45,0
@AgusAgus-yr5vd,"Sangat di sayangkan pak prabowo mengangkat orang2 yg pernah bermasalah hukum, Zulhas, erlangga, tito, luhut, Eric Tohir, dan beberapa lainya",2024-10-31T12:03:30Z,42,7
@texasjack5391,Prabowo adalah perpanjangan tangan Jokowi.,2024-10-31T12:34:39Z,10,
@paktua-zt6qf,â€‹@@texasjack5391masağŸ˜‚,2024-10-31T13:09:48Z,3,
@texasjack5391,@@paktua-zt6qf coba Lo cek sendiri...50% menteri Prabowo adalah orangnya Jokowi.,2024-10-31T13:32:24Z,6,
@sugioyaco2076,â€‹@@texasjack5391di kasih data yg fakta gak akan percaya lha wong dia buzzer kok lumayan dapet makan modal ngibul,2024-10-31T13:51:30Z,8,
@CimongBocil,Nama yang disebut diatas sangat cocok untuk Duta besar Indonesia untuk PBB,2024-11-01T07:54:21Z,1,
@nandreans6444,Saya merasa pemilu kemarin hanya drama sandiwara saja. ğŸ˜¢ Semua bagi2 kue.,2024-11-02T00:10:23Z,2,
@KokoJono-d4d,@@nandreans6444 sependapatğŸ™ğŸ»,2024-11-02T00:51:25Z,0,
@SaidRahman,Yang penting sudah balas jasa. Itu yang utama,2024-10-31T12:01:45Z,1,0
@ujangsadi6730,"Intinya keberlanjutan....ğŸ˜‚ğŸ˜‚ğŸ˜‚
Menang cara curang,adakah masih ada harapan ???",2024-10-31T12:01:15Z,33,2
@itsnaylaaaaaa,"Betul, terbebani dua bandul masa lalu, meski blm ada kejelasan kasus 98,dia pernah diperhentikan dari dinas TNI.meski dia cerdas tetap saja tidak berkutik berbagai kepentingan. ğŸ˜…",2024-10-31T12:53:43Z,6,
@NanaWae-f7y,Anak Abah belum pada muvo on,2024-11-02T09:56:46Z,0,
@P.KaroKaroSurbakti,ğŸ”TEMPO terus bersuara & konstruktif,2024-10-31T11:58:15Z,38,0
@cinere130,Menpora lah tuh.... Udah jelas2 disebut di persidangan.... Menguap begitu saja ğŸ˜¢ dengan dalih nggak kenal..... Percaya?????,2024-10-31T11:57:03Z,18,0
@alisyahbanamail,"Apa yang diharapkan dari pemerintahan hasil kampanye TikTok. Jujur saat ini Pemerintah urgent menangani lesunya ekonomi, jika tidak segera distimulus, ekonomi bawah bakal semakin berat bahkan mungkin collapse",2024-10-31T11:56:26Z,5,0
@tsudiyanto,"..atau jangan berharap sekalian, supaya tidak kecewa sama sekali.",2024-10-31T11:55:31Z,14,1
@nurula.safitri1553,"Iya bang, saya tidak berharap apa2 dgn kabinet yg baru dibentuk ini. Daripada kecewa akhirnya. Tinggal seduh kopi dan mengamati mereka bekerja",2024-11-01T07:48:10Z,0,
@SitiSudiyani,"Kabinet gemuk, bikin penyakit bagi keuangan negara.",2024-10-31T11:54:58Z,47,0
@illiyamahdi2816,"Tidak tahu apa yg harus diletakkan , bingung,tidak tahu yg harus dikerjakan",2024-10-31T11:54:30Z,3,0
@enaq_enaq,"Bersiap kecewa, bersedih tanpa ________",2024-10-31T11:54:20Z,10,0
@rellyyy5198,Hasilnya ngurus negara mo gimana terserah... Yg penting nanti buzzerRP yg nutup2in yg poles2....,2024-10-31T11:54:19Z,6,0
@cakrabirawaiv4385,Kabinet Gemoy Untuk Apa? Ya untuk memenuhi syahwat kekuasaan Jokowi and Friends lah. Apa lagi?,2024-10-31T11:53:55Z,4,0
@Rhidayah,Kabinet pupupapa,2024-10-31T11:53:20Z,6,0
@begawan68,"Prabowo tempo tempo emang gitu , kirain nomenklaturnya simply the best gak taunya gemoy ğŸ˜¢",2024-10-31T11:53:07Z,3,0
@iwansatibi7195,Namanya aja Kabinet Fufufafa... Dijamin ruwet... Persis pendahulunya,2024-10-31T11:51:47Z,69,2
@wellas-ow6mo,Se7bnget,2024-10-31T12:29:06Z,0,
@RoospitaManurung,TULLL...BETULLL,2024-11-02T10:49:15Z,0,
@syahdanirsyad8842,"nampaknya lebih ngeri dari pada mulyono
 kusuttt kusuttt",2024-10-31T11:50:40Z,24,0
@chielomancini9436,"Tempo, Dari dulu sampai Now. Tetap Keren.
â¤",2024-10-31T11:46:48Z,61,0
@AhmadSofyan-fr7jx,Tinggal menunggu kehancuran Indonesia negeri yang tercinta... Oleh jokowi dilanjutkan prabowo.,2024-10-31T11:46:40Z,13,2
@texasjack5391,ğŸ˜ŠğŸ˜Š.,2024-10-31T12:35:25Z,0,
@Brandhal_lokajaya_2,Kok ada orang kaya giniğŸ˜…,2024-10-31T20:08:11Z,0,
@dangging,Mantep Yandhrie. Aktivis 98 dari ITB yg sampai hari ini tetap konsisten. Sudah banyak aktivis2 yg keciprat posisi dan menjadi tidak kritis. Saya bangga bersamamu di 98 biarpun saat ini di luarr negeri.,2024-10-31T11:46:25Z,134,3
@paktua-zt6qf,Krena g dpt kue ğŸ˜‚ krtisi ğŸ˜‚,2024-10-31T13:09:31Z,5,
@wahyudwiaryansyah_3127,Dapat gaji lumayan nampil tempo sehari jutaan,2024-10-31T16:53:46Z,2,
@papschil.d.channel3816,"Lbh enak nampil di kementerian, dapat duit rakyat â€‹@@wahyudwiaryansyah_3127",2024-11-03T07:24:17Z,0,
@anchayusya7591,"ğŸ’¯% jelas terlihat bagi bagi kue tapi biasalah beralibi demi percepatan 
Kabinet ramping di isi orang2 ahli di bidangnya VS kabinet gemoy tapi banyak di isi orang2 lama yang sudah jelas track recordnyağŸ¤¦, timses, penjilat, influencer dsb kalau tujuannya percepatan jelas ğŸ’¯% masuk akal kabinet ramping tapi di isi ahli di bidangnya",2024-10-31T11:45:30Z,5,0
@BLSVIKING,"Tinggal menunggu 100 hari, mungkin akan ada bbrp menteri yg lengser?",2024-10-31T11:44:04Z,5,0
@greenforce950,Mengatasi masalah dengan masalah,2024-10-31T11:42:57Z,6,0
@JinCola1001,Apa Sebaiknya dibubarkan saja NKRI??ğŸ¤”,2024-10-31T11:41:53Z,15,4
@marnisusanti908,Layaknya nnt bubar bentar lg klu fufufafa udah jd presiden... Biar makin sempurna kehancuran negara ini...,2024-10-31T12:27:18Z,0,
@jain461,"Ganti ""nama"" klo orangnya itu itu aja ya sama saja.. ğŸ˜‚",2024-10-31T13:15:49Z,0,
@alvenskirafiola3234,jadi negara anarki aja. Toh pemerintah nya juga bertindak seenak perut mereka kan,2024-10-31T15:42:08Z,0,
@jonyjk1267,"saya sih berharap, sumatera bergabung Singapore sebahagian, sebahagian bergabung malaysia, Aceh dan Padang ,erdeka sendiri. Bali dan Papua bergabung sama Australia, Kalimantan bergabung sama China, Sulawesi bergabung sama turkey. pas kaga,",2024-11-01T09:34:54Z,0,
@DaniyalsulistioTio,Mantap,2024-10-31T11:41:38Z,5,0
@yout545,Jenderal si kancil perlu pasukan besar untuk mengamankan rezim kecurangan wiwiwowo fufufafa ğŸ˜‚ğŸ˜‚ğŸ˜‚,2024-10-31T11:40:09Z,2,0
@hjmerita5116,"Nama kabinet sebaiknya diganti kabinet hitam putih krn diisi oleh org org yg terindakasi korupsi seperti erlangga, zulhas, bahlil, dll....",2024-10-31T11:40:09Z,124,1
@jokowikono,Kurang satu Dito mantri olah ragağŸ˜‚,2024-11-03T18:59:01Z,1,
@nandaarjunanda4281,Kan sdh maunxa rakyat yg 58% ....ğŸ˜‚ğŸ˜‚ğŸ˜‚,2024-10-31T11:35:55Z,20,0
@kocakxx9459,"Ini la contoh presiden yg gak punya kepercayaan diri.. Byk org yg memanfaatin dia, semenjak dari TNI hingga sekarang...",2024-10-31T11:35:20Z,4,0
@MuchlasBagus-ei1zb,Keberlanjutan korupsi,2024-10-31T11:34:54Z,3,0
@rockyrocky8874,"ya... buat apa jadi pemimpin, kalo masih dipimpin org lain.
buat apa jadi penguasa, kalo masih dikuasai org lainğŸ˜‡ğŸ˜‡ğŸ˜‡ğŸ¤¦â€â™‚ï¸ğŸ¤¦â€â™‚ï¸ğŸ¤¦â€â™‚ï¸ğŸ¤¦â€â™‚ï¸",2024-10-31T11:33:59Z,14,0
@kingcolz,Tempo cari mati,2024-10-31T11:33:44Z,0,1
@vekoklopp1335,ğŸ™„ğŸ™„ğŸ™„ğŸ™„ğŸ™„ emang Tempo media Korea utara,2024-10-31T12:08:42Z,0,
@tryharyanto4028,"Kabinet merah putih oiii, bukan gemoy. Ngejek lo tempo, sinis terus sama 02ğŸ˜‚",2024-10-31T11:30:14Z,0,0
@manafdoank6414,Tempo keren ! Ungkap terus para koruptor dan oligarki yg ada di kabinet gemoy,2024-10-31T11:27:42Z,171,0
@nurujianto730,Aseek....,2024-10-31T11:26:27Z,1,0
@3y4n4,"Opini tempo, lugas, cerdas,  dan mencerahkan",2024-10-31T11:25:15Z,30,0
@whitecast-pi7xf,"sebagai orang muda agak sulit ga skeptis dengan kabinet baru ini, dan sebagai orang muda juga saya harus bersiap yang terburuk dalam kondisi apapun yang akan ada di kabinet prabowo ini.",2024-10-31T11:24:00Z,18,0
@herdyanarian3282,Nyimak sambil modol...,2024-10-31T11:23:18Z,1,0
@handokohanny239,Mao tambahin lg selain tidak terlalu berharap ama pemerintah jg siap2 mental klo ada kebijakan yg membagongkan(contohnya kenaikan ppn 12%)ğŸ™,2024-10-31T11:22:43Z,2,0
@lutfiatitimbang1219,Buat ngabisin duit rakyat,2024-10-31T11:19:23Z,8,0
@nurmayasidabutar3544,Menyimak,2024-10-31T11:18:11Z,1,0
@tjahjokartikogondokusumo3145,"Krisis Definisi Energi Nasional melanda:
RUU Perkoperasian Global
&
RPP Kebijakan Energi Nasional",2024-10-31T11:08:59Z,5,0
@moonlight-rm2mf,Hallooooo,2024-10-31T11:00:42Z,0,0
